artist_name	song_name	lyrics
Soda Stereo	En el Séptimo Día	Odio este domingo hbrido de siempre, me da igual, me da igual. Es un beso en la pantalla del autocine sin gozar, sin gozar. El ojo de la aguja la punta de mi lengua es igual, es igual. En el comienzo fue un big-bang y fue caliente revolver, revolver... sobre los ttulos vi caer tu nombre y reaccion, reaccion. Solo Dios sabe que es el sptimo da el abismo y la luna en el sptimo da no descansar... En este tiempo anfibio temo perderte por volar, por volar. El reino de los cielos la llave del averno es igual, es igual. En el sptimo da el abismo y la luna en el sptimo da. Solo Dios sabe que es el sptimo da el abismo y la luna en el sptimo da No descansar...
Soda Stereo	Prófugos	Somos cómplices los dos al menos sé que huyo porque amo necesito distensión estar asi despierto es un delirio de condenados Como un efecto desigual yo siempre tomaré el desvío tus ojos nunca mentirán pero ese ruido blanco es una alarma a mis oidos No seas tan cruel no busques más pretextos no seas tan cruel siempre seremos prófugos los dos No tenemos donde ir somos como un area desvastada carreteras sin sentido religiones sin motivo como podremos hoy vivir No seas tan cruel no busques más pretextos no seas tan cruel siempre seremos, siempre seremos prófugos los dos
Soda Stereo	En Remolinos	Dejame vivir este sueño el mejor que he tenido Una flor, una flor, otra flor un maestro, una causa, un efecto Quien sabra el valor de tus deseos? quien sabra? Gira el sol, gira el mundo, gira Dios energia misteriosa, resplandor Al flotar mi cuerpo en remolinos, resplandor otra flor... Paraiso, zona pura, perfeccion Florecer mirandome a los ojos, perfeccion florecer mirandome a los ojos, perfeccion florecer los dos, florecer florecer los dos, florecer florecer...
Soda Stereo	Planeador	Gira el disco lentamente por la habitación soy piloto de juguetes entre nubes voy Cruzo el valle en mi fragil planeador La ternura de tu duda mi habitual rincón en cada minimo detalle creo oir tu voz Cruza el valle suenas fragil como yo
Soda Stereo	Persiana Americana	Yo te prefiero fuera de foco inalcanzable Yo te prefiero irreversible casi intocable Tus ropas caen lentamente soy un espia, un espectador y el ventilador desgarrandote sé que te excita pensar hasta donde llegaré Es difícil de creer creo que nunca lo podré saber sólo así yo te veré a través de mi persiana americana Es una condena agradable el instante previo es como un desgaste una necesidad más que un deseo Estamos al borde de la cornisa casi a punto de caer no sientes miedo sigues sonriendo sé que te excita pensar hasta donde llegaré Es difícil de creer creo que nunca lo podré saber sólo así yo te veré a través de mi persiana americana Tus ropas caen lentamente soy un espia, un espectador y el ventilador desgarrandote sé que te excita pensar hasta donde llegaré Es difícil de creer creo que nunca lo podré saber sólo así yo te veré a través de mi persiana americana Lo que pueda suceder no gastes fuerzas para comprender sólo así yo te veré a través de mi persiana americana
Soda Stereo	Signos	No hay un modo no hay un punto exacto te doy todo y siempre guardo algo Si estás oculta como sabré quien eres me amas a obscuras duermes envuelta en redes Signos mi parte insegura bajo una luna hostil signos, oh Mar de fondo No caeré en la trampa llámame pronto acertijos bajo el agua Si algo cedes, calmaré tu histeria con los dientes rasgaré tus medias Signos mi parte insegura bajo una luna hostil signos oh Signos uniendo fisuras figuras sin definir signos oh Signos mi parte insegura bajo una luna hostil signos oh Signos uniendo fisuras figuras sin definir signos oh
Soda Stereo	Un Millón de Años Luz	No vuelvas no vuelvas sin razón no vuelvas estaré a un millón de años luz Y cuando el mundo enmudece y las promesas engañan nos revolcamos en el jardin por donde nadie pasa Del fuego vino el diluvio la nave vuelve a partir y mi alimento son las cenizas de una noche larga No vuelvas no vuelvas sin razón no vuelvas estaré a un millón de años luz de casa De las historias pasadas ya no me aturde saber que ella conoce mi perversion en una noche larga y esta noche es larga No vuelvas sin razón no vuelvas yo estaré a un millón de años luz de casa yo estaré a un millón de años luz de casa yo estaré a un millón de años luz de casa
Soda Stereo	Luna Roja	el salio y dejo la casa vacia se entrego al suave aire del desierto y entonces la vio la luna roja sobre el mar negro luna roja primero leon luego cordero ruega a dios poder volver del desierto desde que vio la luna roja sobre el mar negro luna  roja cuidame yo te cuidare yo tambien pague placeres ciegos no quiero ver la luna roja sobre el mar negro luna roja luna roja es peligrosa es peligrosa
Soda Stereo	Crema de Estrellas	Lo que irradia esta noche es especial Sobre el lago resplandece esperaba una tenue aparición nebulosa como siempre e imaginé, su rostro vivido... Cuando esta oscuro todo empieza a verse mas claro en mi constelación Recordé su gustos, conversación astral las canciones que oiamos su cuerpo lunar, refugio celestial y el PH de su saliva y me perdi en la inmensa quietud una crema de estrellas parece cubrirlo todo en mi constelación Recordé su gustos, conversación astral las canciones que oiamos Y subi... Y subi...
Soda Stereo	Hombre al Agua	Nena, nunca voy a ser un superhombre y sueles dejarme solo estoy abriendo el juego un juego elctrico y sueles dejarme solo. Ay, Ay, Ay (sin respuesta) El riesgo es el camino, es tan intenso y sueles dejarme solo Afuera el fro embiste. Adentro el vrtigo y sueles dejarme solo. Ay, Ay, Ay Nena nunca voy a ser un superhombre y sueles dejarme solo
Soda Stereo	Sueles Dejarme Solo	Nena, nunca voy a ser un superhombre y sueles dejarme solo estoy abriendo el juego un juego elctrico y sueles dejarme solo. Ay, Ay, Ay (sin respuesta) El riesgo es el camino, mas intenso y sueles dejarme solo Afuera el fro embiste. Adentro el vrtigo y sueles dejarme solo. Ay, Ay, Ay Nena nunca voy a ser un superhombre y sueles dejarme solo
Soda Stereo	En la Ciudad de la Furia	Me verás volar por la ciudad de la furia donde nadie sabe de mi y yo soy parte de todos Nada cambiará con un aviso de curva en sus caras veo el temor ya no hay fábulas En la ciudad de la furia Me verás caer como un ave de presa me verás caer sobre terrazas desiertas Me desnudaré por las calles azules me refugiaré antes que todos despierten Me dejarás dormir al amanecer entre tus piernas, entre tus piernas sabrás ocultarte bien y desaparecer entre la niebla, entre la niebla Un hombre alado extraña la tierra Me verás volar por la ciudad de la furia donde nadie sabe de mi y yo soy parte de todos La luz del Sol derrite mis alas sólo encuentro en la oscuridad lo que me une con la ciudad de la furia Me verás caer como una flecha salvaje me verás caer entre vuelos fugaces Buenos Aires se ve tan susceptible es el destino de furias lo que en sus caras persiste Me dejarás dormir al amanecer entre tus piernas, entre tus piernas sabrás ocultarte bien y desaparecer entre la niebla, entre la niebla Un hombre alado prefiere la noche Me veras volver Me veras volver...
Soda Stereo	Efecto Doppler	Efecto Doppler Oye la frecuencia decaer cada vez que me dejas. Te perseguiría hasta el sol, pero hoy es solo inercia. Y un milenio pasa Oye el arco suena a lagrimas, cada vez que lo tensas. Y oye las sirenas en el mar, si es que aún no lo entiendes. Es el efecto doppler cuando te alejas de mí. Es el efecto doppler cuando te alejas de mí. Vuelve, vuelve...
Soda Stereo	De Música Ligera	Odio este domingo híbrido de siempre, me da igual, me da igual. Es un beso en la pantalla del autocine sin gozar, sin gozar. El ojo de la aguja la punta de mi lengua es igual, es igual. En el comienzo fue un big-bang y fue caliente revolver, revolver... sobre los títulos vi caer tu nombre y reaccioné, reaccioné. Solo Dios sabe que es el séptimo día el abismo y la luna en el séptimo día no descansaré... En este tiempo anfibio temo perderte por volar, por volar. El reino de los cielos la llave del averno es igual, es igual. En el séptimo día el abismo y la luna en el séptimo día. Solo Dios sabe que es el séptimo día el abismo y la luna en el séptimo día No descansaré...
Soda Stereo	Juegos De Seducción	Voy a ser tu mayordomo y vos haras el rol de señora bien o puedo ser tu violador la imaginación esta noche todo lo puede Te llevaré hasta el extremo te llevaré, abrazame, este es el juego de seducción Estamos solos en la selva nadie puede venir a rescatarnos estoy muriendome de sed y es tu propia piel la que me hace sentir este infierno Te llevaré hasta el extremo te llevaré, abrazame este es el juego de seducción Te llevaré hasta el extremo te llevaré te llevaré,abrazame este es el juego de seducción Estoy muriendome de sed y es tu propia piel la que me hace mover, me hace mover, me hace mover en extremo
Soda Stereo	Imágenes Retro	debo tomar el antidoto para romper con la rigidez vivo como un sonanbulo buscando plieges en la pared Ohhhhhhh telarañas sueño con telarañas telarañas.. que cuelgan de mi .. esto parece un museo de seda un simulacro demasiado real debo encontrar algun sitio afuera debo cambiar la cena... entre... telarañas sueño con telarañas telarañas.. que cuelgan de mi ... mis ojos perciben otra ves imagenes retro asi es la trama de este film, tu propio reflejo retro...... mis ojos perciben otra ves imagenes retro reproduciendose sin fin dejandome inmovil entre... telarañas sueño con telarañas telarañas.. que cuelgan de mi ... telarañas sueño con telarañas telarañas.. que cuelgan de mi ... Ohhhhhhhhhhh ohhhhhhhhh ohh.....
Soda Stereo	Texturas	Son las seis tus relieves me despiertan despues de tanto descansar tiempo al tiempo de volver a celebrar necesito al mundo para darme cuenta me hace falta despues de todo siempre vamos a encontrar texturas, texturas Conocer, tu medida en mi medida acariciando diferencias siempre vamos a encontrar figuras necesito al mundo para darme vuelta mas consigues mas querras tiempo al tiempo de volver a celebrar sin culpa Dispare una frase al viento y una mujer cayo..... Texturas, texturas
Soda Stereo	Hombre Al Agua	Nena, nunca voy a ser un superhombre y sueles dejarme solo estoy abriendo el juego un juego elctrico y sueles dejarme solo. Ay, Ay, Ay (sin respuesta) El riesgo es el camino, es tan intenso y sueles dejarme solo Afuera el fro embiste. Adentro el vrtigo y sueles dejarme solo. Ay, Ay, Ay Nena nunca voy a ser un superhombre y sueles dejarme solo
Soda Stereo	En la Ciudad de la Furia	Me verás volar por la ciudad de la furia donde nadie sabe de mi y yo soy parte de todos Nada cambiará con un aviso de curva en sus caras veo el temor ya no hay fábulas En la ciudad de la furia Me verás caer como un ave de presa me verás caer sobre terrazas desiertas Me desnudaré por las calles azules me refugiaré antes que todos despierten Me dejarás dormir al amanecer entre tus piernas, entre tus piernas sabrás ocultarte bien y desaparecer entre la niebla, entre la niebla Un hombre alado extraña la tierra Me verás volar por la ciudad de la furia donde nadie sabe de mi y yo soy parte de todos La luz del Sol derrite mis alas sólo encuentro en la oscuridad lo que me une con la ciudad de la furia Me verás caer como una flecha salvaje me verás caer entre vuelos fugaces Buenos Aires se ve tan susceptible es el destino de furias lo que en sus caras persiste Me dejarás dormir al amanecer entre tus piernas, entre tus piernas sabrás ocultarte bien y desaparecer entre la niebla, entre la niebla Un hombre alado prefiere la noche Me veras volver Me veras volver...
Soda Stereo	Zoom	Quiero un zoom anatomico quiero el fin del secreto Entre tus labios de plata y mi acero inolvidable quiero un loop protagonico Pruebame y veras que todos somos adictos a estos juegos de artificio Voy a hacerte un macro porno intenso Lo que seduce nunca suele estar donde se piensa Zoom Por aqui­ ya estuve te largas a rei­r pues con mi zoom dame un zoom Luz, camara y accion
Soda Stereo	Corazón Delator	Un señuelo hay algo oculto en cada sensación ella parece sospechar parece descubrir en mi debilidad los vestigios de una hoguera oh mi corazón se vuelve delator traicionandome Por descuido fui victima de todo alguna vez ella lo puede percibir ya nada puede impedir en mi fragilidad es el curso de las cosas oh mi corazón se vuelve delator se abren mis esposas... un suave latigo una premonición dibujan llagas en las manos un dulce palpito la clave intima se van cayendo de mis labios (mantra) Un señuelo hay algo oculto en cada sensación ella parece sospechar parece descubrir en mi que aquel amor es como un océano de fuego oh mi corazón se vuelve delator la fiebre volvera de nuevo un suave latigo una premonición dibujan llagas en las manos un dulce palpito la clave intima se van cayendo de mis labios... como un mantra de mis labios de mis labios
Soda Stereo	Signos	No hay un modo no hay un punto exacto te doy todo y siempre guardo algo Si estás oculta como sabré quien eres me amas a obscuras duermes envuelta en redes Signos mi parte insegura bajo una luna hostil signos, oh Mar de fondo No caeré en la trampa llámame pronto acertijos bajo el agua Si algo cedes, calmaré tu histeria con los dientes rasgaré tus medias Signos mi parte insegura bajo una luna hostil signos oh Signos uniendo fisuras figuras sin definir signos oh Signos mi parte insegura bajo una luna hostil signos oh Signos uniendo fisuras figuras sin definir signos oh
Soda Stereo	Danza Rota	DANZA ROTA DE SODA STEREO ALBUM NADA PERSONAL las luces me queman la cara no te puedo hallar cómo salir de este castigo soy prisionero de un ritmo cruel aqui estoy deshilajandome hay anarquia en mis movimientos y al mismo tiempo alguien los controla se van cayendo mis ligamentos yo no puedo ser libre sin vos CORO: dame dame una pista algun rastro para hallarte estoy bailando una danza rota quisiera escaparme las luces me queman las manos con la depresion nadie puede meterse soy una mueca absurda fingiendo diversion deseandote CORO: dame dame una pista algun rastro para hallarte estoy bailando una danza rota quisiera escaparme CORO: dame dame una pista algun rastro para hallarte estoy bailando una danza rota quisiera escaparme danza rota dame uuuuuu dame uuuuuu CORO: dame una pista algun rastro para hallarte estoy bailando una danza rota quisiera escaparme
Soda Stereo	Persiana Americana	Yo te prefiero fuera de foco inalcanzable Yo te prefiero irreversible casi intocable Tus ropas caen lentamente soy un espia, un espectador y el ventilador desgarrandote sé que te excita pensar hasta donde llegaré Es difícil de creer creo que nunca lo podré saber sólo así yo te veré a través de mi persiana americana Es una condena agradable el instante previo es como un desgaste una necesidad más que un deseo Estamos al borde de la cornisa casi a punto de caer no sientes miedo sigues sonriendo sé que te excita pensar hasta donde llegaré Es difícil de creer creo que nunca lo podré saber sólo así yo te veré a través de mi persiana americana Tus ropas caen lentamente soy un espia, un espectador y el ventilador desgarrandote sé que te excita pensar hasta donde llegaré Es difícil de creer creo que nunca lo podré saber sólo así yo te veré a través de mi persiana americana Lo que pueda suceder no gastes fuerzas para comprender sólo así yo te veré a través de mi persiana americana
Soda Stereo	Fue	He llegado hasta el fin con los brazos cansados tantas veces te vi simulando el olvido y eso pasó Me embriagué hasta el vacio con tu miel venenosa fuiste mia y el hastio nos llevó al desengaño y eso pasó Fue y fue y fue Suaves telas sobre el piso una parte de la euforia y lo mas resbaladizo es creernos sin memoria y eso pasó Fue...
Soda Stereo	En Remolinos	Dejame vivir este sueño el mejor que he tenido Una flor, una flor, otra flor un maestro, una causa, un efecto Quien sabra el valor de tus deseos? quien sabra? Gira el sol, gira el mundo, gira Dios energia misteriosa, resplandor Al flotar mi cuerpo en remolinos, resplandor otra flor... Paraiso, zona pura, perfeccion Florecer mirandome a los ojos, perfeccion florecer mirandome a los ojos, perfeccion florecer los dos, florecer florecer los dos, florecer florecer...
Soda Stereo	No Existes	Alguna vez fue que planeamos Hacernos todo el daño de una vez dictando una sentencia desafiante No existes no existes no existes no existes Me apoyaron sobre la silla brillante truco de apariencias tu presencia es mi pesadilla No existes no existes no existes no existes Como un extraño tic nervioso arrojo palabras gestos contra la pared Toda una noche embalsamados golpee las mismas caras una y otra vez temi por mi cerebro aprisionado en una cama negra quizas deba tomarme una revancha aun tenemos cuentas por saldar deslizare mi puño por tu espalda No existes no existes no existes no existes Como un extraño tic nervioso arrojo palabras gestos contra la pared un pulso salvaje no existes ....
Soda Stereo	Sueles Dejarme Solo	Nena, nunca voy a ser un superhombre y sueles dejarme solo estoy abriendo el juego un juego elctrico y sueles dejarme solo. Ay, Ay, Ay (sin respuesta) El riesgo es el camino, mas intenso y sueles dejarme solo Afuera el fro embiste. Adentro el vrtigo y sueles dejarme solo. Ay, Ay, Ay Nena nunca voy a ser un superhombre y sueles dejarme solo
Soda Stereo	En El Séptimo Dia	Odio este domingo hbrido de siempre, me da igual, me da igual. Es un beso en la pantalla del autocine sin gozar, sin gozar. El ojo de la aguja la punta de mi lengua es igual, es igual. En el comienzo fue un big-bang y fue caliente revolver, revolver... sobre los ttulos vi caer tu nombre y reaccion, reaccion. Solo Dios sabe que es el sptimo da el abismo y la luna en el sptimo da no descansar... En este tiempo anfibio temo perderte por volar, por volar. El reino de los cielos la llave del averno es igual, es igual. En el sptimo da el abismo y la luna en el sptimo da. Solo Dios sabe que es el sptimo da el abismo y la luna en el sptimo da No descansar...
Soda Stereo	Un Millon De Años Luz	No vuelvas no vuelvas sin razón no vuelvas estaré a un millón de años luz Y cuando el mundo enmudece y las promesas engañan nos revolcamos en el jardin por donde nadie pasa Del fuego vino el diluvio la nave vuelve a partir y mi alimento son las cenizas de una noche larga No vuelvas no vuelvas sin razón no vuelvas estaré a un millón de años luz de casa De las historias pasadas ya no me aturde saber que ella conoce mi perversion en una noche larga y esta noche es larga No vuelvas sin razón no vuelvas yo estaré a un millón de años luz de casa yo estaré a un millón de años luz de casa yo estaré a un millón de años luz de casa
Soda Stereo	De Música Ligera	Odio este domingo híbrido de siempre, me da igual, me da igual. Es un beso en la pantalla del autocine sin gozar, sin gozar. El ojo de la aguja la punta de mi lengua es igual, es igual. En el comienzo fue un big-bang y fue caliente revolver, revolver... sobre los títulos vi caer tu nombre y reaccioné, reaccioné. Solo Dios sabe que es el séptimo día el abismo y la luna en el séptimo día no descansaré... En este tiempo anfibio temo perderte por volar, por volar. El reino de los cielos la llave del averno es igual, es igual. En el séptimo día el abismo y la luna en el séptimo día. Solo Dios sabe que es el séptimo día el abismo y la luna en el séptimo día No descansaré...
Soda Stereo	Zona De Promesas	Mama sabe bien Perdi un batalla Quiero regresar Solo a besarla No esta mal ser mi dueño otra vez Ni temer que el rio sangre y calme Al contarle mis plegarias Tarda en llegar Y al final, al final Hay recompensa Mama sabe bien Que mi princesa Cuando regrese Todo quemaba No esta mal sumergirme otra vez Ni temer que el rio sangre y calme Si eh buscar en silencio Tarda en llegar Y al final, al final Hay recompensa Tarda en llegar Y al final, al final Hay recompensa Tarda en llegar Y al final, al final Hay recompensa Tarda en llegar Y al final, al final Hay recompensa En la zona de promesas
Soda Stereo	Cae El Sol	Y cada vez que vuelvo tus ecos estan y querra despertarme y al fin con vos volver a jugar Cae el sol y aun sigo soando sale el sol y no te puedo encontrar Y cada vez que vuelvo aqu siento que vos me arrojaste a la inercia sin novedad, sin decepcin Cae el sol y an sigo soando sale el sol y no te puedo encontrar Y cada vez que vuelvo un mismo final afuera el mundo sigue soy uno ms buscando en el mar Un extrao destino una oscura verdad tan slo tropiezos amar o callar anduve caminando por calles al azar por calles vacas Buenos Aires, Argentina humedad Cae el sol sale el sol y cada vez que vuelvo cae el sol sale el sol
Soda Stereo	Prófugos	Somos cómplices los dos al menos sé que huyo porque amo necesito distensión estar asi despierto es un delirio de condenados Como un efecto desigual yo siempre tomaré el desvío tus ojos nunca mentirán pero ese ruido blanco es una alarma a mis oidos No seas tan cruel no busques más pretextos no seas tan cruel siempre seremos prófugos los dos No tenemos donde ir somos como un area desvastada carreteras sin sentido religiones sin motivo como podremos hoy vivir No seas tan cruel no busques más pretextos no seas tan cruel siempre seremos, siempre seremos prófugos los dos
Soda Stereo	Nada Personal	Comunicación sin emoción una voz en off con expresión deforme busco algo que me saque este mareo busco calor en esa imagen de video Nada, nada personal nada, nada personal Ella no puede pensar, esta aburrida de tanto simular cayó dormida busco en TV algún mensaje entre líneas busco alguien que sacuda mi cabeza y no encuentro nada, nada Nada personal nada, nada personal nada especial Sinceramente sería tan bueno tocarte pero es inútil, tu cuerpo es de látex y no siento nada Nada personal nada, nada personal
Soda Stereo	Te Hacen Falta Vitaminas	Por mas que tengan los volumenes andando Viviendo tus membranas Saltando como una rana Por mas que intentes esquivarlo en algun vuelo Hay algo que te rasca Algo anda mal, mal, algo falla Dando vueltas por tu cuarto sin sentido, esperando algun milagro y no pasa nada Oye! te hacen falta vitaminas Oye! te hacen falta vitaminas Depresiones, confusiones Hasta cuando seguiran esas canciones Y que te da para soltarte? para animarte? O supones que alguien viene a despertarte? Oye! te hacen falta vitaminas (vitaminas uh uh) Oye! te hacen falta vitaminas (vitaminas) Va a ser mejor que te levantes de una vez Oye! te hacen falta vitaminas (vitaminas uh uh) Oye! te hacen falta vitaminas ( uh uh) Oye! te hacen falta vitaminas (vitaminas, uh uh) Oye! te hacen falta vitaminas ( uh uh) Oye! te hacen falta vitaminas (vitaminas, uh uh) Oye! te hacen falta vitaminas, minas, minas, minas He!
Soda Stereo	Disco Eterno	Me salí fuera de contexto practicar no te hace perfecto poner un disco eterno moverme con razón Un espíritu a veces seguro otras veces incierto vengo a descubrir porque este deseo crece Entre los dos pasa un meridiano latitud vidas paralelas abrir el sueño stereo crea la dimensión Sin disimular me voy desnudando con cada sonido alta fidelidad cuando este deseo crece Un espíritu a veces seguro otras veces incierto vengo a descubrir porque este deseo crece
Soda Stereo	Planeador	Gira el disco lentamente por la habitación soy piloto de juguetes entre nubes voy Cruzo el valle en mi fragil planeador La ternura de tu duda mi habitual rincón en cada minimo detalle creo oir tu voz Cruza el valle suenas fragil como yo
Soda Stereo	Luna Roja	el salio y dejo la casa vacia se entrego al suave aire del desierto y entonces la vio la luna roja sobre el mar negro luna roja primero leon luego cordero ruega a dios poder volver del desierto desde que vio la luna roja sobre el mar negro luna  roja cuidame yo te cuidare yo tambien pague placeres ciegos no quiero ver la luna roja sobre el mar negro luna roja luna roja es peligrosa es peligrosa
Soda Stereo	Té Para Tres	No vuelvas no vuelvas sin razn no vuelvas estar a un milln de aos luz Y cuando el mundo enmudece y las promesas engaan nos revolcamos en el jardn por donde nadie pasa del fuego vino el diluvio la nave vuelve a partir y mi alimento son las cenizas de una noche larga No vuelvas no vuelvas sin razn no vuelvas yo estar a un milln de anos luz de casa De las historias pasadas ya no me aturde saber ella conoce mi perversin en una noche larga y esta noche es larga No vuelvas no vuelvas sin razn no vuelvas estar a un milln de aos luz de casa
Soda Stereo	Claroscuro	Cuando ro de placer y me quedo solo susprando formas de humo... Dulce criatura, nunca ests segura y soy tan dependiente de tu amor. No me sigas, no se donde voy; las cenizas vuelan en un claroscuro y me nublan. Paso la frontera del dolor suicida alma fugitiva, librame. Cuando ests dormida volver a tocarte, me confiaste ser tu ngel. (aunque): dulce criatura nunca ests segura, ya no tengas dudas, soy tan dependiente de tu amor. Soy tan vulnerable a tu amor.
Soda Stereo	Persiana Americana	Yo te prefiero fuera de foco inalcanzable Yo te prefiero irreversible casi intocable Tus ropas caen lentamente soy un espia, un espectador y el ventilador desgarrandote sé que te excita pensar hasta donde llegaré Es difícil de creer creo que nunca lo podré saber sólo así yo te veré a través de mi persiana americana Es una condena agradable el instante previo es como un desgaste una necesidad más que un deseo Estamos al borde de la cornisa casi a punto de caer no sientes miedo sigues sonriendo sé que te excita pensar hasta donde llegaré Es difícil de creer creo que nunca lo podré saber sólo así yo te veré a través de mi persiana americana Tus ropas caen lentamente soy un espia, un espectador y el ventilador desgarrandote sé que te excita pensar hasta donde llegaré Es difícil de creer creo que nunca lo podré saber sólo así yo te veré a través de mi persiana americana Lo que pueda suceder no gastes fuerzas para comprender sólo así yo te veré a través de mi persiana americana
Soda Stereo	Un Millón De Años Luz	No vuelvas no vuelvas sin razón no vuelvas estaré a un millón de años luz Y cuando el mundo enmudece y las promesas engañan nos revolcamos en el jardin por donde nadie pasa Del fuego vino el diluvio la nave vuelve a partir y mi alimento son las cenizas de una noche larga No vuelvas no vuelvas sin razón no vuelvas estaré a un millón de años luz de casa De las historias pasadas ya no me aturde saber que ella conoce mi perversion en una noche larga y esta noche es larga No vuelvas sin razón no vuelvas yo estaré a un millón de años luz de casa yo estaré a un millón de años luz de casa yo estaré a un millón de años luz de casa
Soda Stereo	Cae El Sol	Y cada vez que vuelvo tus ecos estan y querra despertarme y al fin con vos volver a jugar Cae el sol y aun sigo soando sale el sol y no te puedo encontrar Y cada vez que vuelvo aqu siento que vos me arrojaste a la inercia sin novedad, sin decepcin Cae el sol y an sigo soando sale el sol y no te puedo encontrar Y cada vez que vuelvo un mismo final afuera el mundo sigue soy uno ms buscando en el mar Un extrao destino una oscura verdad tan slo tropiezos amar o callar anduve caminando por calles al azar por calles vacas Buenos Aires, Argentina humedad Cae el sol sale el sol y cada vez que vuelvo cae el sol sale el sol
Soda Stereo	De Música Ligera	Odio este domingo híbrido de siempre, me da igual, me da igual. Es un beso en la pantalla del autocine sin gozar, sin gozar. El ojo de la aguja la punta de mi lengua es igual, es igual. En el comienzo fue un big-bang y fue caliente revolver, revolver... sobre los títulos vi caer tu nombre y reaccioné, reaccioné. Solo Dios sabe que es el séptimo día el abismo y la luna en el séptimo día no descansaré... En este tiempo anfibio temo perderte por volar, por volar. El reino de los cielos la llave del averno es igual, es igual. En el séptimo día el abismo y la luna en el séptimo día. Solo Dios sabe que es el séptimo día el abismo y la luna en el séptimo día No descansaré...
Soda Stereo	En La Ciudad De La Furia	Me verás volar por la ciudad de la furia donde nadie sabe de mi y yo soy parte de todos Nada cambiará con un aviso de curva en sus caras veo el temor ya no hay fábulas En la ciudad de la furia Me verás caer como un ave de presa me verás caer sobre terrazas desiertas Me desnudaré por las calles azules me refugiaré antes que todos despierten Me dejarás dormir al amanecer entre tus piernas, entre tus piernas sabrás ocultarte bien y desaparecer entre la niebla, entre la niebla Un hombre alado extraña la tierra Me verás volar por la ciudad de la furia donde nadie sabe de mi y yo soy parte de todos La luz del Sol derrite mis alas sólo encuentro en la oscuridad lo que me une con la ciudad de la furia Me verás caer como una flecha salvaje me verás caer entre vuelos fugaces Buenos Aires se ve tan susceptible es el destino de furias lo que en sus caras persiste Me dejarás dormir al amanecer entre tus piernas, entre tus piernas sabrás ocultarte bien y desaparecer entre la niebla, entre la niebla Un hombre alado prefiere la noche Me veras volver Me veras volver...
Soda Stereo	El Rito	Soy un profanador Estoy desafiando al tiempo Ya ves mi transgresion Es procurar tenerte El cielo entiende que mi obsecion Esta llegando a un limite Y el desierto al menos soy No parece no parece tan.... Sueles encontrarme en cualquier lugar Y ya lo sabes nada es casualidad Tu misteriosa forma me lastimara Pero a cada segundo estare mas cerca, mas mas Paralizandome jamas podre esperarte Y no tengo que esperar en un altar de sacrificio Solo meterme en tu ritual y descifrar tu enigma Tal vez no hablarme mas El silencio no es tiempo perdido Sueles encontrarme en cualquier lugar Y ya lo sabes nada es casualidad Tu misteriosa forma me lastimara Pero a cada segundo estare mas cerca, mas mas Desafiando al rito Destruyendo mitos Sueles encontrarme en cualquier lugar Y ya lo sabes nada es casualidad Tu misteriosa forma me lastimara Pero a cada segundo estare mas cerca, mas cerca tuyo Desafiando al rito Destruyendo mitos Desafiando al rito Destruyendo mitos
Soda Stereo	Hombre Al Agua	Nena, nunca voy a ser un superhombre y sueles dejarme solo estoy abriendo el juego un juego elctrico y sueles dejarme solo. Ay, Ay, Ay (sin respuesta) El riesgo es el camino, es tan intenso y sueles dejarme solo Afuera el fro embiste. Adentro el vrtigo y sueles dejarme solo. Ay, Ay, Ay Nena nunca voy a ser un superhombre y sueles dejarme solo
Soda Stereo	En El Séptimo Día	Odio este domingo hbrido de siempre, me da igual, me da igual. Es un beso en la pantalla del autocine sin gozar, sin gozar. El ojo de la aguja la punta de mi lengua es igual, es igual. En el comienzo fue un big-bang y fue caliente revolver, revolver... sobre los ttulos vi caer tu nombre y reaccion, reaccion. Solo Dios sabe que es el sptimo da el abismo y la luna en el sptimo da no descansar... En este tiempo anfibio temo perderte por volar, por volar. El reino de los cielos la llave del averno es igual, es igual. En el sptimo da el abismo y la luna en el sptimo da. Solo Dios sabe que es el sptimo da el abismo y la luna en el sptimo da No descansar...
Soda Stereo	Canción Animal	Hipnotismo de un flagelo dulce tan dulce. Cuero, piel y metal carmin y charol Cuando el cuerpo no espera lo que llaman amor Cada lagrima de hambre el mas puro néctar Nada mas dulce que el deseo en cadenas Cuando el cuerpo no espera lo que llaman amor Mas se pide y se vive canción animal, canción animal No me sirven las palabras gemir es mejor Cuando el cuerpo no espera lo que llaman amor Mas se pide y se vive canción animal, canción animal Mas se vive y se vive (Mas, Mas) mas se vive y se vive canción animal, canción animal
Soda Stereo	Trátame Suavemente	Alguien me a dicho que la soledad se esconde tras tus ojos, y que tu blusa atora sentimientos, que respiras tenes que comprender que no puse tus miedos donde estan guardados, y que no podre quitartelos si al hacerlo me desgarras. No quiero soñar mil veces la mismas cosas ni contemplarlas sabiamente quiero que me trates suavemente. Te comportas de acuerdo con lo que te dicta cada momento y esta inconstancia, no es algo heroico es mas bien algo enfermo. No quiero soñar mil veces las mismas cosas ni contemplarlas sabiamente quiero que me trates suavemente. No quiero soñar mil veces las mismas cosas ni contemplarlas sabiamente quiero que me trates suavemente quiero que me trates suavemente quiero que me trates suavemente suavemente, suavemente Suavemente.
Soda Stereo	Paseando Por Roma	Mañana es mejor!!!! Que ahora es hora de colgar Estoy perdido en la línea Son las doce y te llamé Desespero Pero es mejor decir adiós e intentar Mañana Ahora es hora de volver Esta noche soy un robocop Todo el tiempo me encontré dando vueltas Es extraña esta ciudad o yo estoy fuera de escala Ahora es hora y no fue ayer mis amigos He cambiado, pero aún mi corazón permanece intacto, tan intacto como ayer Nada más para Decir sólo: Hasta Mañana!!!!!!!
Soda Stereo	Zoom	Quiero un zoom anatomico quiero el fin del secreto Entre tus labios de plata y mi acero inolvidable quiero un loop protagonico Pruebame y veras que todos somos adictos a estos juegos de artificio Voy a hacerte un macro porno intenso Lo que seduce nunca suele estar donde se piensa Zoom Por aqui­ ya estuve te largas a rei­r pues con mi zoom dame un zoom Luz, camara y accion
Soda Stereo	Signos	No hay un modo no hay un punto exacto te doy todo y siempre guardo algo Si estás oculta como sabré quien eres me amas a obscuras duermes envuelta en redes Signos mi parte insegura bajo una luna hostil signos, oh Mar de fondo No caeré en la trampa llámame pronto acertijos bajo el agua Si algo cedes, calmaré tu histeria con los dientes rasgaré tus medias Signos mi parte insegura bajo una luna hostil signos oh Signos uniendo fisuras figuras sin definir signos oh Signos mi parte insegura bajo una luna hostil signos oh Signos uniendo fisuras figuras sin definir signos oh
Soda Stereo	En la Ciudad de la Furia	Me verás volar por la ciudad de la furia donde nadie sabe de mi y yo soy parte de todos Nada cambiará con un aviso de curva en sus caras veo el temor ya no hay fábulas En la ciudad de la furia Me verás caer como un ave de presa me verás caer sobre terrazas desiertas Me desnudaré por las calles azules me refugiaré antes que todos despierten Me dejarás dormir al amanecer entre tus piernas, entre tus piernas sabrás ocultarte bien y desaparecer entre la niebla, entre la niebla Un hombre alado extraña la tierra Me verás volar por la ciudad de la furia donde nadie sabe de mi y yo soy parte de todos La luz del Sol derrite mis alas sólo encuentro en la oscuridad lo que me une con la ciudad de la furia Me verás caer como una flecha salvaje me verás caer entre vuelos fugaces Buenos Aires se ve tan susceptible es el destino de furias lo que en sus caras persiste Me dejarás dormir al amanecer entre tus piernas, entre tus piernas sabrás ocultarte bien y desaparecer entre la niebla, entre la niebla Un hombre alado prefiere la noche Me veras volver Me veras volver...
Soda Stereo	Un Misil En Mi Placard	Refugiados sobre el diván agitados por nuestras formas. Algo ocurrio una  extraña sensación un presentimiento tuve que dejar de hacer el amor en el momento. Fui en busca de un abrigo Encendi un cigarrillo. Y ahi lo vi. Un misil en mi placard mi placard Un modelo para armar pero nunca para desarmar Te mire tristemente No hay mas tiempo que perder Estaba ahí un misil en mi placard mi placard. Un modelo para armar pero nunca para desarmar Aquí también o creias que estaba lejos También o creias que estabas lejos.
Soda Stereo	Pasos	(Suena el mar) prefiero seguir tus pasos (Suena el mar) prefiero seguirte... Tengo mal de alturas y aqu vuelan pjaros de oro si me mare, es por devocin Yo prefiero seguir tus pasos Es igual a un lser la pasin acta por reflejo de 1 a 2, de 2 a 3 Yo prefiero seguir tus pasos Suena el mar Suena el mar Y yo prefiero seguir tus pasos
Soda Stereo	Entre Canibales	Meses navegando tierra a la vista todo volver a ser como fue Las luces de la costa son faros del pasado Todo volver a ser como fue Y cuando salto de cubierta y me abandono a la corriente Nuevas formas crecen son tan atractivas quiero descansar de todo ayer Y voy flotando por el ro voy envuelto en la corriente Hombre al agua Voces que se agitan Hombre al agua Barco a la deriva Y voy flotando por el ro descansando en la corriente Hombre al agua voces que se agitan Hombre al agua barco a la deriva Amaneci Abre los ojos Me ir con estas olas No ests preocupada Todos gritarn Hombre al agua Voces que se agitan barco a la deriva
Soda Stereo	Angel Electrico	Ahi va la tempestad ya parece un paisaje habitual Un arbol color sodio Y la caida de un angel eléctrico Tengo estatica y no querria lastimarte de nuevo volvi sólo y cargado por la caida de otro angel eléctrico Enredado en cables estoy al filo de la resignación Debe ser el habito de esperar que algo quiebre el unisono Un nuevo acorde te hace mirarme a los ojos Aun tengo al sol para besar tu sombra Hoy cai, al dejarte sola ya pagué, por quebrar la calma
Soda Stereo	Planeador	Gira el disco lentamente por la habitación soy piloto de juguetes entre nubes voy Cruzo el valle en mi fragil planeador La ternura de tu duda mi habitual rincón en cada minimo detalle creo oir tu voz Cruza el valle suenas fragil como yo
Soda Stereo	Coral	Coral (Gustavo Cerati) El reloj marcó la hora del final de otra epoca vacia. Despertó con el perfume embriagador de comenzar su nueva vida. El paisaje alrededor siente que la abraza. Una brisa tropical fortalezas de agua. Piensa en formas de coral... Corre y sueña bajo el sol siente que lo alcanza, liberada del temor de volver a casa. Junta formas de coral... Todo aquello que dejó se hundira en la arena, el secreto entre los dos es que nunca volvera.
Soda Stereo	Disco Eterno	Me salí fuera de contexto practicar no te hace perfecto poner un disco eterno moverme con razón Un espíritu a veces seguro otras veces incierto vengo a descubrir porque este deseo crece Entre los dos pasa un meridiano latitud vidas paralelas abrir el sueño stereo crea la dimensión Sin disimular me voy desnudando con cada sonido alta fidelidad cuando este deseo crece Un espíritu a veces seguro otras veces incierto vengo a descubrir porque este deseo crece
Soda Stereo	Zoom	Quiero un zoom anatomico quiero el fin del secreto Entre tus labios de plata y mi acero inolvidable quiero un loop protagonico Pruebame y veras que todos somos adictos a estos juegos de artificio Voy a hacerte un macro porno intenso Lo que seduce nunca suele estar donde se piensa Zoom Por aqui­ ya estuve te largas a rei­r pues con mi zoom dame un zoom Luz, camara y accion
Soda Stereo	Efecto Doppler	Efecto Doppler Oye la frecuencia decaer cada vez que me dejas. Te perseguiría hasta el sol, pero hoy es solo inercia. Y un milenio pasa Oye el arco suena a lagrimas, cada vez que lo tensas. Y oye las sirenas en el mar, si es que aún no lo entiendes. Es el efecto doppler cuando te alejas de mí. Es el efecto doppler cuando te alejas de mí. Vuelve, vuelve...
Soda Stereo	Paseando Por Roma	Mañana es mejor!!!! Que ahora es hora de colgar Estoy perdido en la línea Son las doce y te llamé Desespero Pero es mejor decir adiós e intentar Mañana Ahora es hora de volver Esta noche soy un robocop Todo el tiempo me encontré dando vueltas Es extraña esta ciudad o yo estoy fuera de escala Ahora es hora y no fue ayer mis amigos He cambiado, pero aún mi corazón permanece intacto, tan intacto como ayer Nada más para Decir sólo: Hasta Mañana!!!!!!!
Soda Stereo	Pasos	(Suena el mar) prefiero seguir tus pasos (Suena el mar) prefiero seguirte... Tengo mal de alturas y aqu vuelan pjaros de oro si me mare, es por devocin Yo prefiero seguir tus pasos Es igual a un lser la pasin acta por reflejo de 1 a 2, de 2 a 3 Yo prefiero seguir tus pasos Suena el mar Suena el mar Y yo prefiero seguir tus pasos
Soda Stereo	Angel Eléctrico	Ahi va la tempestad ya parece un paisaje habitual Un arbol color sodio Y la caida de un angel eléctrico Tengo estatica y no querria lastimarte de nuevo volvi sólo y cargado por la caida de otro angel eléctrico Enredado en cables estoy al filo de la resignación Debe ser el habito de esperar que algo quiebre el unisono Un nuevo acorde te hace mirarme a los ojos Aun tengo al sol para besar tu sombra Hoy cai, al dejarte sola ya pagué, por quebrar la calma
Soda Stereo	Crema De Estrellas	Lo que irradia esta noche es especial Sobre el lago resplandece esperaba una tenue aparición nebulosa como siempre e imaginé, su rostro vivido... Cuando esta oscuro todo empieza a verse mas claro en mi constelación Recordé su gustos, conversación astral las canciones que oiamos su cuerpo lunar, refugio celestial y el PH de su saliva y me perdi en la inmensa quietud una crema de estrellas parece cubrirlo todo en mi constelación Recordé su gustos, conversación astral las canciones que oiamos Y subi... Y subi...
Soda Stereo	En Remolinos	Dejame vivir este sueño el mejor que he tenido Una flor, una flor, otra flor un maestro, una causa, un efecto Quien sabra el valor de tus deseos? quien sabra? Gira el sol, gira el mundo, gira Dios energia misteriosa, resplandor Al flotar mi cuerpo en remolinos, resplandor otra flor... Paraiso, zona pura, perfeccion Florecer mirandome a los ojos, perfeccion florecer mirandome a los ojos, perfeccion florecer los dos, florecer florecer los dos, florecer florecer...
Soda Stereo	Camaleón	Camaleón, Se armó la escena justa, vos y yo juntos somos como un templo. El color nos mimetiza, y el frenesi nos suele llegar a tiempo. Te menti y me dejaste hacerlo, pero igual, jamas voy a engañarte. soledad. Mi cuerpo sigue ardiendo, tanto hablar de un sueño recurrente. alguna vez que te perdi el rastro, sospeché; sabias donde esconderte. Y ya no importa saber el final, solo amarte y cruzar el fuego. ¿Cómo sigue esto? ¿Cómo sigue esto? Camaleón, nos quedamos solos. Camaleón, juntos somos como un templo.
Soda Stereo	Luna Roja	el salio y dejo la casa vacia se entrego al suave aire del desierto y entonces la vio la luna roja sobre el mar negro luna roja primero leon luego cordero ruega a dios poder volver del desierto desde que vio la luna roja sobre el mar negro luna  roja cuidame yo te cuidare yo tambien pague placeres ciegos no quiero ver la luna roja sobre el mar negro luna roja luna roja es peligrosa es peligrosa
Soda Stereo	Ameba	Toda esa gente dice que te ama, Toda esa gente dice que te odia y te vas, y te vas confundiendo. Es como ser ameba sin anverso ni reverso. La ilusión eterna de que te vas, y te vas repitiendo... Mas te olvidas, mas me obligas a este sentimiento Mas me obligas mas te olvidas de este sentimiento Sos buena en la cama y sabés guardar un secreto hasta quebrar tu cuerpo, y te vas, y te vas dividiendo. La prudencia no es la duda yo cai desprevenido. Hoy lucis tan oportuna y me vas, y me vas conociendo. Mas te olvidas, mas me obligas a este sentimiento (Mas me obligas te olvidas de este sentimiento.)
Soda Stereo	Nuestra Fe	Bajo esta piel que estoy mudando encendi un amanecer que no para de crecer que no para de crecer. Con el sol de abril y sin saber por qué estoy sudando en nuestra fé que no para de crecer que no para de crecer. Tengo aqui el cristal en mis manos, ya soy todo un corazón que no para de crecer que no para de crecer. Ya no para de crecer el poder de nuestra fé
Soda Stereo	Claroscuro	Cuando ro de placer y me quedo solo susprando formas de humo... Dulce criatura, nunca ests segura y soy tan dependiente de tu amor. No me sigas, no se donde voy; las cenizas vuelan en un claroscuro y me nublan. Paso la frontera del dolor suicida alma fugitiva, librame. Cuando ests dormida volver a tocarte, me confiaste ser tu ngel. (aunque): dulce criatura nunca ests segura, ya no tengas dudas, soy tan dependiente de tu amor. Soy tan vulnerable a tu amor.
Soda Stereo	Fue	He llegado hasta el fin con los brazos cansados tantas veces te vi simulando el olvido y eso pasó Me embriagué hasta el vacio con tu miel venenosa fuiste mia y el hastio nos llevó al desengaño y eso pasó Fue y fue y fue Suaves telas sobre el piso una parte de la euforia y lo mas resbaladizo es creernos sin memoria y eso pasó Fue...
Soda Stereo	Texturas	Son las seis tus relieves me despiertan despues de tanto descansar tiempo al tiempo de volver a celebrar necesito al mundo para darme cuenta me hace falta despues de todo siempre vamos a encontrar texturas, texturas Conocer, tu medida en mi medida acariciando diferencias siempre vamos a encontrar figuras necesito al mundo para darme vuelta mas consigues mas querras tiempo al tiempo de volver a celebrar sin culpa Dispare una frase al viento y una mujer cayo..... Texturas, texturas
Soda Stereo	Hombre Al Agua	Nena, nunca voy a ser un superhombre y sueles dejarme solo estoy abriendo el juego un juego elctrico y sueles dejarme solo. Ay, Ay, Ay (sin respuesta) El riesgo es el camino, es tan intenso y sueles dejarme solo Afuera el fro embiste. Adentro el vrtigo y sueles dejarme solo. Ay, Ay, Ay Nena nunca voy a ser un superhombre y sueles dejarme solo
Soda Stereo	No Existes	Alguna vez fue que planeamos Hacernos todo el daño de una vez dictando una sentencia desafiante No existes no existes no existes no existes Me apoyaron sobre la silla brillante truco de apariencias tu presencia es mi pesadilla No existes no existes no existes no existes Como un extraño tic nervioso arrojo palabras gestos contra la pared Toda una noche embalsamados golpee las mismas caras una y otra vez temi por mi cerebro aprisionado en una cama negra quizas deba tomarme una revancha aun tenemos cuentas por saldar deslizare mi puño por tu espalda No existes no existes no existes no existes Como un extraño tic nervioso arrojo palabras gestos contra la pared un pulso salvaje no existes ....
Soda Stereo	En Camino	La tarde esta cayendo En tus ojos Un auto en el vacio y la niebla Otra vez Un rumor debajo de la piel Casi sin querer Estamos en camino entre los espejismos Deslizandonos hay sombra alrededor Y vemos pasar montañas de piedra Otra vez Por favor no leas el cartel Ni anuncios de ayer No puedo esperarte hasta el fin del siglo No Quiero sentir tu cuerpo Acercandose Quiero encontrar un paraiso no volver Un rumor debajo de la piel Casi sin querer Estamos en camino entre los espejismos No me asustan los desvios, los duendes Solo quiero seguir acercandome Acercandome Puedo encontrar Ese paraiso Acercandome, acercandome Por favor no leas el cartel Casi sin querer Estamos en camino hacia el fin del siglo
Soda Stereo	En Camino	La tarde esta cayendo En tus ojos Un auto en el vacio y la niebla Otra vez Un rumor debajo de la piel Casi sin querer Estamos en camino entre los espejismos Deslizandonos hay sombra alrededor Y vemos pasar montañas de piedra Otra vez Por favor no leas el cartel Ni anuncios de ayer No puedo esperarte hasta el fin del siglo No Quiero sentir tu cuerpo Acercandose Quiero encontrar un paraiso no volver Un rumor debajo de la piel Casi sin querer Estamos en camino entre los espejismos No me asustan los desvios, los duendes Solo quiero seguir acercandome Acercandome Puedo encontrar Ese paraiso Acercandome, acercandome Por favor no leas el cartel Casi sin querer Estamos en camino hacia el fin del siglo
Soda Stereo		Y cada vez que vuelvo tus ecos están y querría despertarme y al fin con vos volver a jugar. Cae el sol y aun sigo soñando sale el sol y no te puedo encontrar. Y cada vez que vuelvo aquí siento que vos me arrojaste a la inercia sin novedad, sin decepción. Cae el sol... etc. Y cada vez que vuelvo un mismo final afuera el mundo sigue soy uno más buscando en el mar Cae el sol... etc. Un extraño destino, una oscura verdad tan sólo tropiezos, amar o callar anduve caminando por calles al azar por calles vacías Buenos Aires, Buenos Aires, humedad...
Soda Stereo	Un Millón De Años Luz	No vuelvas no vuelvas sin razón no vuelvas estaré a un millón de años luz Y cuando el mundo enmudece y las promesas engañan nos revolcamos en el jardin por donde nadie pasa Del fuego vino el diluvio la nave vuelve a partir y mi alimento son las cenizas de una noche larga No vuelvas no vuelvas sin razón no vuelvas estaré a un millón de años luz de casa De las historias pasadas ya no me aturde saber que ella conoce mi perversion en una noche larga y esta noche es larga No vuelvas sin razón no vuelvas yo estaré a un millón de años luz de casa yo estaré a un millón de años luz de casa yo estaré a un millón de años luz de casa
Soda Stereo	Canción Animal	Hipnotismo de un flagelo dulce tan dulce. Cuero, piel y metal carmin y charol Cuando el cuerpo no espera lo que llaman amor Cada lagrima de hambre el mas puro néctar Nada mas dulce que el deseo en cadenas Cuando el cuerpo no espera lo que llaman amor Mas se pide y se vive canción animal, canción animal No me sirven las palabras gemir es mejor Cuando el cuerpo no espera lo que llaman amor Mas se pide y se vive canción animal, canción animal Mas se vive y se vive (Mas, Mas) mas se vive y se vive canción animal, canción animal
Soda Stereo	1990	Y cada vez que vuelvo tus ecos estn y querra despertarme y al fin con vos volver a jugar. Cae el sol y aun sigo soando sale el sol y no te puedo encontrar. Y cada vez que vuelvo aqu siento que vos me arrojaste a la inercia sin novedad, sin decepcin. Cae el sol... etc. Y cada vez que vuelvo un mismo final afuera el mundo sigue soy uno ms buscando en el mar Cae el sol... etc. Un extrao destino, una oscura verdad tan slo tropiezos, amar o callar anduve caminando por calles al azar por calles vacas Buenos Aires, Buenos Aires, humedad...
Soda Stereo	Sueles Dejarme Solo	Nena, nunca voy a ser un superhombre y sueles dejarme solo estoy abriendo el juego un juego elctrico y sueles dejarme solo. Ay, Ay, Ay (sin respuesta) El riesgo es el camino, mas intenso y sueles dejarme solo Afuera el fro embiste. Adentro el vrtigo y sueles dejarme solo. Ay, Ay, Ay Nena nunca voy a ser un superhombre y sueles dejarme solo
Soda Stereo	De Música Ligera	Odio este domingo híbrido de siempre, me da igual, me da igual. Es un beso en la pantalla del autocine sin gozar, sin gozar. El ojo de la aguja la punta de mi lengua es igual, es igual. En el comienzo fue un big-bang y fue caliente revolver, revolver... sobre los títulos vi caer tu nombre y reaccioné, reaccioné. Solo Dios sabe que es el séptimo día el abismo y la luna en el séptimo día no descansaré... En este tiempo anfibio temo perderte por volar, por volar. El reino de los cielos la llave del averno es igual, es igual. En el séptimo día el abismo y la luna en el séptimo día. Solo Dios sabe que es el séptimo día el abismo y la luna en el séptimo día No descansaré...
Soda Stereo	Hombre Al Agua	Nena, nunca voy a ser un superhombre y sueles dejarme solo estoy abriendo el juego un juego elctrico y sueles dejarme solo. Ay, Ay, Ay (sin respuesta) El riesgo es el camino, es tan intenso y sueles dejarme solo Afuera el fro embiste. Adentro el vrtigo y sueles dejarme solo. Ay, Ay, Ay Nena nunca voy a ser un superhombre y sueles dejarme solo
Soda Stereo	Entre Caníbales	Meses navegando tierra a la vista todo volver a ser como fue Las luces de la costa son faros del pasado Todo volver a ser como fue Y cuando salto de cubierta y me abandono a la corriente Nuevas formas crecen son tan atractivas quiero descansar de todo ayer Y voy flotando por el ro voy envuelto en la corriente Hombre al agua Voces que se agitan Hombre al agua Barco a la deriva Y voy flotando por el ro descansando en la corriente Hombre al agua voces que se agitan Hombre al agua barco a la deriva Amaneci Abre los ojos Me ir con estas olas No ests preocupada Todos gritarn Hombre al agua Voces que se agitan barco a la deriva
Soda Stereo	Cae El Sol	Y cada vez que vuelvo tus ecos estan y querra despertarme y al fin con vos volver a jugar Cae el sol y aun sigo soando sale el sol y no te puedo encontrar Y cada vez que vuelvo aqu siento que vos me arrojaste a la inercia sin novedad, sin decepcin Cae el sol y an sigo soando sale el sol y no te puedo encontrar Y cada vez que vuelvo un mismo final afuera el mundo sigue soy uno ms buscando en el mar Un extrao destino una oscura verdad tan slo tropiezos amar o callar anduve caminando por calles al azar por calles vacas Buenos Aires, Argentina humedad Cae el sol sale el sol y cada vez que vuelvo cae el sol sale el sol
Soda Stereo	En La Ciudad De La Furia	Me verás volar por la ciudad de la furia donde nadie sabe de mi y yo soy parte de todos Nada cambiará con un aviso de curva en sus caras veo el temor ya no hay fábulas En la ciudad de la furia Me verás caer como un ave de presa me verás caer sobre terrazas desiertas Me desnudaré por las calles azules me refugiaré antes que todos despierten Me dejarás dormir al amanecer entre tus piernas, entre tus piernas sabrás ocultarte bien y desaparecer entre la niebla, entre la niebla Un hombre alado extraña la tierra Me verás volar por la ciudad de la furia donde nadie sabe de mi y yo soy parte de todos La luz del Sol derrite mis alas sólo encuentro en la oscuridad lo que me une con la ciudad de la furia Me verás caer como una flecha salvaje me verás caer entre vuelos fugaces Buenos Aires se ve tan susceptible es el destino de furias lo que en sus caras persiste Me dejarás dormir al amanecer entre tus piernas, entre tus piernas sabrás ocultarte bien y desaparecer entre la niebla, entre la niebla Un hombre alado prefiere la noche Me veras volver Me veras volver...
Soda Stereo	En El Borde	(Gustavo Cerati) Est  tocando busto ahi Donde no puedes elegir Cuidado con Dorian Grey Su fijo retrovisor Su espiritu de kermesse Miralo de lejos Oh oh oh Dorian Grey Si no andas despierto Se roba tu ropa interior Braguetas abiertas Que importa el dolor Solo esa falta de amor Esta tocando busto ahi Donde no puedes elegir Dorian Grey Dorian Grey Oh Cuidado con Dorian Grey El tiempo es dinero Mantiene su juventud Usando polietileno Comprado en Malu, por Chacha, Chacha Esta tocando busto ahi Donde no puedes elegir Esta tocando busto ahi Donde no puedes elegir
Soda Stereo	Corazón Delator	Un señuelo hay algo oculto en cada sensación ella parece sospechar parece descubrir en mi debilidad los vestigios de una hoguera oh mi corazón se vuelve delator traicionandome Por descuido fui victima de todo alguna vez ella lo puede percibir ya nada puede impedir en mi fragilidad es el curso de las cosas oh mi corazón se vuelve delator se abren mis esposas... un suave latigo una premonición dibujan llagas en las manos un dulce palpito la clave intima se van cayendo de mis labios (mantra) Un señuelo hay algo oculto en cada sensación ella parece sospechar parece descubrir en mi que aquel amor es como un océano de fuego oh mi corazón se vuelve delator la fiebre volvera de nuevo un suave latigo una premonición dibujan llagas en las manos un dulce palpito la clave intima se van cayendo de mis labios... como un mantra de mis labios de mis labios
Soda Stereo	Zona de Promesas	Mama sabe bien Perdi un batalla Quiero regresar Solo a besarla No esta mal ser mi dueño otra vez Ni temer que el rio sangre y calme Al contarle mis plegarias Tarda en llegar Y al final, al final Hay recompensa Mama sabe bien Que mi princesa Cuando regrese Todo quemaba No esta mal sumergirme otra vez Ni temer que el rio sangre y calme Si eh buscar en silencio Tarda en llegar Y al final, al final Hay recompensa Tarda en llegar Y al final, al final Hay recompensa Tarda en llegar Y al final, al final Hay recompensa Tarda en llegar Y al final, al final Hay recompensa En la zona de promesas
Soda Stereo	En la Ciudad de la Furia	Me verás volar por la ciudad de la furia donde nadie sabe de mi y yo soy parte de todos Nada cambiará con un aviso de curva en sus caras veo el temor ya no hay fábulas En la ciudad de la furia Me verás caer como un ave de presa me verás caer sobre terrazas desiertas Me desnudaré por las calles azules me refugiaré antes que todos despierten Me dejarás dormir al amanecer entre tus piernas, entre tus piernas sabrás ocultarte bien y desaparecer entre la niebla, entre la niebla Un hombre alado extraña la tierra Me verás volar por la ciudad de la furia donde nadie sabe de mi y yo soy parte de todos La luz del Sol derrite mis alas sólo encuentro en la oscuridad lo que me une con la ciudad de la furia Me verás caer como una flecha salvaje me verás caer entre vuelos fugaces Buenos Aires se ve tan susceptible es el destino de furias lo que en sus caras persiste Me dejarás dormir al amanecer entre tus piernas, entre tus piernas sabrás ocultarte bien y desaparecer entre la niebla, entre la niebla Un hombre alado prefiere la noche Me veras volver Me veras volver...
Soda Stereo	Nada Personal	Comunicación sin emoción una voz en off con expresión deforme busco algo que me saque este mareo busco calor en esa imagen de video Nada, nada personal nada, nada personal Ella no puede pensar, esta aburrida de tanto simular cayó dormida busco en TV algún mensaje entre líneas busco alguien que sacuda mi cabeza y no encuentro nada, nada Nada personal nada, nada personal nada especial Sinceramente sería tan bueno tocarte pero es inútil, tu cuerpo es de látex y no siento nada Nada personal nada, nada personal
Soda Stereo	Luna Roja	el salio y dejo la casa vacia se entrego al suave aire del desierto y entonces la vio la luna roja sobre el mar negro luna roja primero leon luego cordero ruega a dios poder volver del desierto desde que vio la luna roja sobre el mar negro luna  roja cuidame yo te cuidare yo tambien pague placeres ciegos no quiero ver la luna roja sobre el mar negro luna roja luna roja es peligrosa es peligrosa
Soda Stereo	Sobredosis de TV	Estoy desesperado soy tan vulnerable a su amor ella ya se ha ido un hueco en mi habitación Mis manos siguen frias he perdido la fascinación sus rasgos son escombros detienen mi respiración Acuestate, levantate no puedo seguir asi, oh no Apagalo, enciendelo no puedo seguir asi, oh no Sobredosis de TV no creo poder resistir y un aire demasiado tenso si al menos estuvieras aqui Mi cuerpo procesado al ritmo de su corazon estoy desesperado soy tan vulnerable a su amor Acuestate, levantate no puedo seguir asi, oh no Apagalo, enciendelo no puedo seguir asi, oh no Acuestate, levantate, apagalo, enciendelo no puedo seguir asi No puedo seguir marginandome No puedo, no puedo seguir marginandome
Soda Stereo	Signos	No hay un modo no hay un punto exacto te doy todo y siempre guardo algo Si estás oculta como sabré quien eres me amas a obscuras duermes envuelta en redes Signos mi parte insegura bajo una luna hostil signos, oh Mar de fondo No caeré en la trampa llámame pronto acertijos bajo el agua Si algo cedes, calmaré tu histeria con los dientes rasgaré tus medias Signos mi parte insegura bajo una luna hostil signos oh Signos uniendo fisuras figuras sin definir signos oh Signos mi parte insegura bajo una luna hostil signos oh Signos uniendo fisuras figuras sin definir signos oh
Soda Stereo	Juegos De Seducción	Voy a ser tu mayordomo y vos haras el rol de señora bien o puedo ser tu violador la imaginación esta noche todo lo puede Te llevaré hasta el extremo te llevaré, abrazame, este es el juego de seducción Estamos solos en la selva nadie puede venir a rescatarnos estoy muriendome de sed y es tu propia piel la que me hace sentir este infierno Te llevaré hasta el extremo te llevaré, abrazame este es el juego de seducción Te llevaré hasta el extremo te llevaré te llevaré,abrazame este es el juego de seducción Estoy muriendome de sed y es tu propia piel la que me hace mover, me hace mover, me hace mover en extremo
Soda Stereo	Persiana Americana	Yo te prefiero fuera de foco inalcanzable Yo te prefiero irreversible casi intocable Tus ropas caen lentamente soy un espia, un espectador y el ventilador desgarrandote sé que te excita pensar hasta donde llegaré Es difícil de creer creo que nunca lo podré saber sólo así yo te veré a través de mi persiana americana Es una condena agradable el instante previo es como un desgaste una necesidad más que un deseo Estamos al borde de la cornisa casi a punto de caer no sientes miedo sigues sonriendo sé que te excita pensar hasta donde llegaré Es difícil de creer creo que nunca lo podré saber sólo así yo te veré a través de mi persiana americana Tus ropas caen lentamente soy un espia, un espectador y el ventilador desgarrandote sé que te excita pensar hasta donde llegaré Es difícil de creer creo que nunca lo podré saber sólo así yo te veré a través de mi persiana americana Lo que pueda suceder no gastes fuerzas para comprender sólo así yo te veré a través de mi persiana americana
Soda Stereo	Estoy Azulado	Albun: Nada Personal Song: Estoy Azulado Sola, vino a mi ficcin Sin dudar, a acompaarme Signos sin traduccin silencio, insuperable Cuanto habr cambiado Qu se habr gastado? Podra comunicarme Pero siento tanto la erosin Cerca de su atraccin Tropiezo con mis manos Sufro otra mutacin Un color azulado Algo esta ligndome cuando estoy azulado Quisiera recuperarme a su lado Azulado A su lado, cambiara de color A tu lado oh, oh, oh A su lado, cambiara de color A tu lado oh, oh, oh Porque algo esta ligndome Cuando estoy azulado Quiero recuperarme a su lado
Soda Stereo	Prófugos	Somos cómplices los dos al menos sé que huyo porque amo necesito distensión estar asi despierto es un delirio de condenados Como un efecto desigual yo siempre tomaré el desvío tus ojos nunca mentirán pero ese ruido blanco es una alarma a mis oidos No seas tan cruel no busques más pretextos no seas tan cruel siempre seremos prófugos los dos No tenemos donde ir somos como un area desvastada carreteras sin sentido religiones sin motivo como podremos hoy vivir No seas tan cruel no busques más pretextos no seas tan cruel siempre seremos, siempre seremos prófugos los dos
Soda Stereo	El Rito	Soy un profanador Estoy desafiando al tiempo Ya ves mi transgresion Es procurar tenerte El cielo entiende que mi obsecion Esta llegando a un limite Y el desierto al menos soy No parece no parece tan.... Sueles encontrarme en cualquier lugar Y ya lo sabes nada es casualidad Tu misteriosa forma me lastimara Pero a cada segundo estare mas cerca, mas mas Paralizandome jamas podre esperarte Y no tengo que esperar en un altar de sacrificio Solo meterme en tu ritual y descifrar tu enigma Tal vez no hablarme mas El silencio no es tiempo perdido Sueles encontrarme en cualquier lugar Y ya lo sabes nada es casualidad Tu misteriosa forma me lastimara Pero a cada segundo estare mas cerca, mas mas Desafiando al rito Destruyendo mitos Sueles encontrarme en cualquier lugar Y ya lo sabes nada es casualidad Tu misteriosa forma me lastimara Pero a cada segundo estare mas cerca, mas cerca tuyo Desafiando al rito Destruyendo mitos Desafiando al rito Destruyendo mitos
Soda Stereo	Prófugos	Somos cómplices los dos al menos sé que huyo porque amo necesito distensión estar asi despierto es un delirio de condenados Como un efecto desigual yo siempre tomaré el desvío tus ojos nunca mentirán pero ese ruido blanco es una alarma a mis oidos No seas tan cruel no busques más pretextos no seas tan cruel siempre seremos prófugos los dos No tenemos donde ir somos como un area desvastada carreteras sin sentido religiones sin motivo como podremos hoy vivir No seas tan cruel no busques más pretextos no seas tan cruel siempre seremos, siempre seremos prófugos los dos
Soda Stereo	No Existes	Alguna vez fue que planeamos Hacernos todo el daño de una vez dictando una sentencia desafiante No existes no existes no existes no existes Me apoyaron sobre la silla brillante truco de apariencias tu presencia es mi pesadilla No existes no existes no existes no existes Como un extraño tic nervioso arrojo palabras gestos contra la pared Toda una noche embalsamados golpee las mismas caras una y otra vez temi por mi cerebro aprisionado en una cama negra quizas deba tomarme una revancha aun tenemos cuentas por saldar deslizare mi puño por tu espalda No existes no existes no existes no existes Como un extraño tic nervioso arrojo palabras gestos contra la pared un pulso salvaje no existes ....
Soda Stereo	Persiana Americana	Yo te prefiero fuera de foco inalcanzable Yo te prefiero irreversible casi intocable Tus ropas caen lentamente soy un espia, un espectador y el ventilador desgarrandote sé que te excita pensar hasta donde llegaré Es difícil de creer creo que nunca lo podré saber sólo así yo te veré a través de mi persiana americana Es una condena agradable el instante previo es como un desgaste una necesidad más que un deseo Estamos al borde de la cornisa casi a punto de caer no sientes miedo sigues sonriendo sé que te excita pensar hasta donde llegaré Es difícil de creer creo que nunca lo podré saber sólo así yo te veré a través de mi persiana americana Tus ropas caen lentamente soy un espia, un espectador y el ventilador desgarrandote sé que te excita pensar hasta donde llegaré Es difícil de creer creo que nunca lo podré saber sólo así yo te veré a través de mi persiana americana Lo que pueda suceder no gastes fuerzas para comprender sólo así yo te veré a través de mi persiana americana
Soda Stereo	En Camino	La tarde esta cayendo En tus ojos Un auto en el vacio y la niebla Otra vez Un rumor debajo de la piel Casi sin querer Estamos en camino entre los espejismos Deslizandonos hay sombra alrededor Y vemos pasar montañas de piedra Otra vez Por favor no leas el cartel Ni anuncios de ayer No puedo esperarte hasta el fin del siglo No Quiero sentir tu cuerpo Acercandose Quiero encontrar un paraiso no volver Un rumor debajo de la piel Casi sin querer Estamos en camino entre los espejismos No me asustan los desvios, los duendes Solo quiero seguir acercandome Acercandome Puedo encontrar Ese paraiso Acercandome, acercandome Por favor no leas el cartel Casi sin querer Estamos en camino hacia el fin del siglo
Soda Stereo	Signos	No hay un modo no hay un punto exacto te doy todo y siempre guardo algo Si estás oculta como sabré quien eres me amas a obscuras duermes envuelta en redes Signos mi parte insegura bajo una luna hostil signos, oh Mar de fondo No caeré en la trampa llámame pronto acertijos bajo el agua Si algo cedes, calmaré tu histeria con los dientes rasgaré tus medias Signos mi parte insegura bajo una luna hostil signos oh Signos uniendo fisuras figuras sin definir signos oh Signos mi parte insegura bajo una luna hostil signos oh Signos uniendo fisuras figuras sin definir signos oh
Soda Stereo	Nada Personal	Comunicación sin emoción una voz en off con expresión deforme busco algo que me saque este mareo busco calor en esa imagen de video Nada, nada personal nada, nada personal Ella no puede pensar, esta aburrida de tanto simular cayó dormida busco en TV algún mensaje entre líneas busco alguien que sacuda mi cabeza y no encuentro nada, nada Nada personal nada, nada personal nada especial Sinceramente sería tan bueno tocarte pero es inútil, tu cuerpo es de látex y no siento nada Nada personal nada, nada personal
Soda Stereo	Danza Rota	DANZA ROTA DE SODA STEREO ALBUM NADA PERSONAL las luces me queman la cara no te puedo hallar cómo salir de este castigo soy prisionero de un ritmo cruel aqui estoy deshilajandome hay anarquia en mis movimientos y al mismo tiempo alguien los controla se van cayendo mis ligamentos yo no puedo ser libre sin vos CORO: dame dame una pista algun rastro para hallarte estoy bailando una danza rota quisiera escaparme las luces me queman las manos con la depresion nadie puede meterse soy una mueca absurda fingiendo diversion deseandote CORO: dame dame una pista algun rastro para hallarte estoy bailando una danza rota quisiera escaparme CORO: dame dame una pista algun rastro para hallarte estoy bailando una danza rota quisiera escaparme danza rota dame uuuuuu dame uuuuuu CORO: dame una pista algun rastro para hallarte estoy bailando una danza rota quisiera escaparme
Soda Stereo	El Cuerpo Del Delito	En un momento el grito estallo Detras de mi, detras de vos Sombras, implacables detectives que persiguen, persisten No tienen prueba, ni deficits No es posible la reconstruccion Pone en pedazo todo vestigio, comprometedor Vamonos, salgamos de la habitacion Escondamoslo en algun lugar seguro Asi esta bien Ni la CIA ni la KGB El FBI No esta vez, no podras encontrar El cuerpo del delito, oh El cuerpo del delito, oh El cuerpo del delito, oh El cuerpo del delito Cada uno es su propio delator Su propio infierno individual Yo tengo a mano mi interruptor El donador artificial Vamonos, salgamos de la habitacion Escondamoslo, en algun lugar seguro Asi esta bien Ni la CIA ni la KGD El FBI Esta vez no podras encontrar El cuerpo del delito, oh El cuerpo del delito, oh El cuerpo del delito, oh El cuerpo del delito Buscando, buscando, buscando
Soda Stereo	Juegos De Seducción	Voy a ser tu mayordomo y vos haras el rol de señora bien o puedo ser tu violador la imaginación esta noche todo lo puede Te llevaré hasta el extremo te llevaré, abrazame, este es el juego de seducción Estamos solos en la selva nadie puede venir a rescatarnos estoy muriendome de sed y es tu propia piel la que me hace sentir este infierno Te llevaré hasta el extremo te llevaré, abrazame este es el juego de seducción Te llevaré hasta el extremo te llevaré te llevaré,abrazame este es el juego de seducción Estoy muriendome de sed y es tu propia piel la que me hace mover, me hace mover, me hace mover en extremo
Soda Stereo	Estoy Azulado	Albun: Nada Personal Song: Estoy Azulado Sola, vino a mi ficcin Sin dudar, a acompaarme Signos sin traduccin silencio, insuperable Cuanto habr cambiado Qu se habr gastado? Podra comunicarme Pero siento tanto la erosin Cerca de su atraccin Tropiezo con mis manos Sufro otra mutacin Un color azulado Algo esta ligndome cuando estoy azulado Quisiera recuperarme a su lado Azulado A su lado, cambiara de color A tu lado oh, oh, oh A su lado, cambiara de color A tu lado oh, oh, oh Porque algo esta ligndome Cuando estoy azulado Quiero recuperarme a su lado
Soda Stereo	Observándonos	(Gustavo Cerati/Hector Bosio) Rapido, que no nos ven Rapido, no te quedes Rapido, hay que bailar Rapido, cada vez mas rapido No se se~or No tengo idea donde estan mis documentos...para el bien Rapido, no hay mas lugar Rapido, prohibido estacionar Rapido, acelerar Rapido, exceso de velocidad No se doctor, no se muy bien si es mi mu~eca o mi reloj...automatico Rapido, que pierdo el tren Rapido, que ya aumento Rapido, la informacion Rapido que dia es hoy, que dia es hoy No se, mi amor, no tengo idea donde hay aire para...respirar Solo tenemos una hora Sacate todo de una vez A donde vas No se mi amor No se muy bien si es que te quiero o esque Ya no nos queda ni un segundo Y no te has desvestido aun A donde vas, rapido A donde vas, rapido A donde vas, rapido A donde vas, rapido A donde vas
Soda Stereo	Imágenes Retro	debo tomar el antidoto para romper con la rigidez vivo como un sonanbulo buscando plieges en la pared Ohhhhhhh telarañas sueño con telarañas telarañas.. que cuelgan de mi .. esto parece un museo de seda un simulacro demasiado real debo encontrar algun sitio afuera debo cambiar la cena... entre... telarañas sueño con telarañas telarañas.. que cuelgan de mi ... mis ojos perciben otra ves imagenes retro asi es la trama de este film, tu propio reflejo retro...... mis ojos perciben otra ves imagenes retro reproduciendose sin fin dejandome inmovil entre... telarañas sueño con telarañas telarañas.. que cuelgan de mi ... telarañas sueño con telarañas telarañas.. que cuelgan de mi ... Ohhhhhhhhhhh ohhhhhhhhh ohh.....
Soda Stereo	Ecos	Ecos (ecos, ecos) los mismos instantes Ecos (ecos, ecos) cubriendo mi soledad Estoy moviéndome con mis propios latidos Llenando vacios Todo es tan igual Tan predecible Tan frio.... Ecos (ecos, ecos) formas que se repiten Ecos (ecos, ecos) sacuden mis sueños Estoy moviéndome con mis propios latidos Llenando vacios Todo es tan igual Llenando vacios Todo es tan normal Tan frio Llenando vacios Llenando vacios Ecos, ecos, ecos...
Soda Stereo	Te Hacen Falta Vitaminas	Por mas que tengan los volumenes andando Viviendo tus membranas Saltando como una rana Por mas que intentes esquivarlo en algun vuelo Hay algo que te rasca Algo anda mal, mal, algo falla Dando vueltas por tu cuarto sin sentido, esperando algun milagro y no pasa nada Oye! te hacen falta vitaminas Oye! te hacen falta vitaminas Depresiones, confusiones Hasta cuando seguiran esas canciones Y que te da para soltarte? para animarte? O supones que alguien viene a despertarte? Oye! te hacen falta vitaminas (vitaminas uh uh) Oye! te hacen falta vitaminas (vitaminas) Va a ser mejor que te levantes de una vez Oye! te hacen falta vitaminas (vitaminas uh uh) Oye! te hacen falta vitaminas ( uh uh) Oye! te hacen falta vitaminas (vitaminas, uh uh) Oye! te hacen falta vitaminas ( uh uh) Oye! te hacen falta vitaminas (vitaminas, uh uh) Oye! te hacen falta vitaminas, minas, minas, minas He!
Soda Stereo	Trátame Suavemente	Alguien me a dicho que la soledad se esconde tras tus ojos, y que tu blusa atora sentimientos, que respiras tenes que comprender que no puse tus miedos donde estan guardados, y que no podre quitartelos si al hacerlo me desgarras. No quiero soñar mil veces la mismas cosas ni contemplarlas sabiamente quiero que me trates suavemente. Te comportas de acuerdo con lo que te dicta cada momento y esta inconstancia, no es algo heroico es mas bien algo enfermo. No quiero soñar mil veces las mismas cosas ni contemplarlas sabiamente quiero que me trates suavemente. No quiero soñar mil veces las mismas cosas ni contemplarlas sabiamente quiero que me trates suavemente quiero que me trates suavemente quiero que me trates suavemente suavemente, suavemente Suavemente.
Soda Stereo	Dietético	Dietetico, dietetico Somos un conjunto dietetico Giramos una onda dietetica Canciones de amor con sacarina Con menos de una caloria Dietetico, dietetico Somos un conjunto dietetico Mejoramos un mensaje genetico Sacude tu cuerpo libre, he! Consume que no hay peligro (peligro) Dietetico, dietetico Somos un conjunto dietetico Buscando el paraiso estetico Nuevas mentes descremadas Siluetas de gimnasia Dietetico, dietetico Viviendo una nada dietetica So~ando con una cama sintetica Te quiero pero estas tan gorda Presiento que no sos moderna (moderna) Oh oh oh oh oh Oh oh oh oh oh Oh oh oh oh oh Oh oh oh oh oh El regimen se acabo, se acabo! El regimen se acabo, se acabo! El regimen se acabo, se acabo! El regimen se acabo, se acabo! El regimen se acabo, se acabo!
Soda Stereo	Ni Un Segundo	Rapido, que no nos ven Rapido, no te quedes Rapido, hay que bailar Rapido, cada vez mas rapido No se seor No tengo idea donde estan mis documentos...para el bien Rapido, no hay mas lugar Rapido, prohibido estacionar Rapido, acelerar Rapido, exceso de velocidad No se doctor, no se muy bien si es mi mueca o mi reloj...automatico Rapido, que pierdo el tren Rapido, que ya aumento Rapido, la informacion Rapido que dia es hoy, que dia es hoy No se, mi amor, no tengo idea donde hay aire para...respirar Solo tenemos una hora Sacate todo de una vez A donde vas Albun: Soda Stereo Song:  Ni Un Segundo No se mi amor No se muy bien si es que te quiero o esque Ya no nos queda ni un segundo Y no te has desvestido aun A donde vas, rapido A donde vas, rapido A donde vas, rapido A donde vas, rapido A donde vas
Soda Stereo	Un Misil En Mi Placard	Refugiados sobre el diván agitados por nuestras formas. Algo ocurrio una  extraña sensación un presentimiento tuve que dejar de hacer el amor en el momento. Fui en busca de un abrigo Encendi un cigarrillo. Y ahi lo vi. Un misil en mi placard mi placard Un modelo para armar pero nunca para desarmar Te mire tristemente No hay mas tiempo que perder Estaba ahí un misil en mi placard mi placard. Un modelo para armar pero nunca para desarmar Aquí también o creias que estaba lejos También o creias que estabas lejos.
Soda Stereo	El Tiempo Es Dinero	Cerati/Bosio En un momento el grito estallo Detras de mi, detras de vos Sombras, implacables detectives que prosiguen, persisten No tienen prueba, ni deficits No es posible la reconstruccion Pone en pedazo todo vestigio, comprometedor Vamonos, salgamos de la habitacion Escondamoslo en algun lugar seguro Asi esta bien Dinastia en la calle B El FBI No esta vez, no podras encontrar El cuerpo del delito, oh El cuerpo del delito, oh El cuerpo del delito, oh El cuerpo del delito Cada uno su propio delator Su propio infierno individual Yo tengo a mano, interruptor El donador artificial Vamonos, salgamos de la habitacion Escondamoslo, en algun lugar seguro Asi esta bien Dinastia en la Calle B El FBI Esta vez no podras encontrar El cuerpo del delito, oh El cuerpo del delito, oh El cuerpo del delito, oh El cuerpo del delito Buscando, buscando, buscando
Soda Stereo	Afrodisíacos	Desperté, desperté, con los pies helados Dónde estas? qué pasó anoche? no recuerdo bien... Solo un raro olor Manchas en el techo Bailando hasta cambiar la piel Sorbiendo esa posión salvaje Afrodisiacos, afrodisiacos Afrodisiacos, afrodisiacos siento tu veneno en mis espaldas Bailando hasta cambiar la piel Bailando hasta cambiar la piel Oh, hasta cambiar la piel Hasta cambiar la piel Hasta cambiar la piel Hasta cambiar la piel
Soda Stereo	Mi Novia Tiene Bíceps	Cerati/Ficicchia Debo tomar el antidoto Para romper con la dives Vivo como un sonambulo Buscando pliegues en la pared Oh telera¤as, sue¤o con telara¤as Telara¤as, que cuelgan de mi Esto parece un museo de cera Un simulacro demasiado real Debo encontrar algun sitio afuera Debo cambiar la cena entre telara¤as Sue¤o con telara¤as Telara¤as que cuelgan de mi Mis ojos perciben otra vez Imagenes-retro Asi es la trama de este film Tu propio reflejo (reflejo) Mis ojos perciben otra vez Imagenes-Retro Reproduciendose sin fin Dejandome inmovil entre telara¤as Sue¤o con telara¤as Telara¤as que cuelgan de mi Telara¤as, sue¤o con telara¤as Telara¤as, que cuelgan de mi Oh oh oh, oh oh
